dateday,total,registered,recency,frequency,monetary,R_score,F_score,M_score,RFM_Segment,RFM_Score
2011-01-01,985,654,730,654,985,1,1,1,111,3
2011-01-02,801,670,729,670,801,1,1,1,111,3
2011-01-03,1349,1229,728,1229,1349,1,1,1,111,3
2011-01-04,1562,1454,727,1454,1562,1,1,1,111,3
2011-01-05,1600,1518,726,1518,1600,1,1,1,111,3
2011-01-06,1606,1518,725,1518,1606,1,1,1,111,3
2011-01-07,1510,1362,724,1362,1510,1,1,1,111,3
2011-01-08,959,891,723,891,959,1,1,1,111,3
2011-01-09,822,768,722,768,822,1,1,1,111,3
2011-01-10,1321,1280,721,1280,1321,1,1,1,111,3
2011-01-11,1263,1220,720,1220,1263,1,1,1,111,3
2011-01-12,1162,1137,719,1137,1162,1,1,1,111,3
2011-01-13,1406,1368,718,1368,1406,1,1,1,111,3
2011-01-14,1421,1367,717,1367,1421,1,1,1,111,3
2011-01-15,1248,1026,716,1026,1248,1,1,1,111,3
2011-01-16,1204,953,715,953,1204,1,1,1,111,3
2011-01-17,1000,883,714,883,1000,1,1,1,111,3
2011-01-18,683,674,713,674,683,1,1,1,111,3
2011-01-19,1650,1572,712,1572,1650,1,1,1,111,3
2011-01-20,1927,1844,711,1844,1927,1,1,1,111,3
2011-01-21,1543,1468,710,1468,1543,1,1,1,111,3
2011-01-22,981,888,709,888,981,1,1,1,111,3
2011-01-23,986,836,708,836,986,1,1,1,111,3
2011-01-24,1416,1330,707,1330,1416,1,1,1,111,3
2011-01-25,1985,1799,706,1799,1985,1,1,1,111,3
2011-01-26,506,472,705,472,506,1,1,1,111,3
2011-01-27,431,416,704,416,431,1,1,1,111,3
2011-01-28,1167,1129,703,1129,1167,1,1,1,111,3
2011-01-29,1098,975,702,975,1098,1,1,1,111,3
2011-01-30,1096,956,701,956,1096,1,1,1,111,3
2011-01-31,1501,1459,700,1459,1501,1,1,1,111,3
2011-02-01,1360,1313,699,1313,1360,1,1,1,111,3
2011-02-02,1526,1454,698,1454,1526,1,1,1,111,3
2011-02-03,1550,1489,697,1489,1550,1,1,1,111,3
2011-02-04,1708,1620,696,1620,1708,1,1,1,111,3
2011-02-05,1005,905,695,905,1005,1,1,1,111,3
2011-02-06,1623,1269,694,1269,1623,1,1,1,111,3
2011-02-07,1712,1592,693,1592,1712,1,1,1,111,3
2011-02-08,1530,1466,692,1466,1530,1,1,1,111,3
2011-02-09,1605,1552,691,1552,1605,1,1,1,111,3
2011-02-10,1538,1491,690,1491,1538,1,1,1,111,3
2011-02-11,1746,1597,689,1597,1746,1,1,1,111,3
2011-02-12,1472,1184,688,1184,1472,1,1,1,111,3
2011-02-13,1589,1192,687,1192,1589,1,1,1,111,3
2011-02-14,1913,1705,686,1705,1913,1,1,1,111,3
2011-02-15,1815,1675,685,1675,1815,1,1,1,111,3
2011-02-16,2115,1897,684,1897,2115,1,1,1,111,3
2011-02-17,2475,2216,683,2216,2475,1,1,1,111,3
2011-02-18,2927,2348,682,2348,2927,1,1,1,111,3
2011-02-19,1635,1103,681,1103,1635,1,1,1,111,3
2011-02-20,1812,1173,680,1173,1812,1,1,1,111,3
2011-02-21,1107,912,679,912,1107,1,1,1,111,3
2011-02-22,1450,1376,678,1376,1450,1,1,1,111,3
2011-02-23,1917,1778,677,1778,1917,1,1,1,111,3
2011-02-24,1807,1707,676,1707,1807,1,1,1,111,3
2011-02-25,1461,1341,675,1341,1461,1,1,1,111,3
2011-02-26,1969,1545,674,1545,1969,1,1,1,111,3
2011-02-27,2402,1708,673,1708,2402,1,1,1,111,3
2011-02-28,1446,1365,672,1365,1446,1,1,1,111,3
2011-03-01,1851,1714,671,1714,1851,1,1,1,111,3
2011-03-02,2134,1903,670,1903,2134,1,1,1,111,3
2011-03-03,1685,1562,669,1562,1685,1,1,1,111,3
2011-03-04,1944,1730,668,1730,1944,1,1,1,111,3
2011-03-05,2077,1437,667,1437,2077,1,1,1,111,3
2011-03-06,605,491,666,491,605,1,1,1,111,3
2011-03-07,1872,1628,665,1628,1872,1,1,1,111,3
2011-03-08,2133,1817,664,1817,2133,1,1,1,111,3
2011-03-09,1891,1700,663,1700,1891,1,1,1,111,3
2011-03-10,623,577,662,577,623,1,1,1,111,3
2011-03-11,1977,1730,661,1730,1977,1,1,1,111,3
2011-03-12,2132,1408,660,1408,2132,1,1,1,111,3
2011-03-13,2417,1435,659,1435,2417,1,1,1,111,3
2011-03-14,2046,1687,658,1687,2046,1,1,1,111,3
2011-03-15,2056,1767,657,1767,2056,1,1,1,111,3
2011-03-16,2192,1871,656,1871,2192,1,1,1,111,3
2011-03-17,2744,2320,655,2320,2744,1,1,1,111,3
2011-03-18,3239,2355,654,2355,3239,1,1,2,112,4
2011-03-19,3117,1693,653,1693,3117,1,1,1,111,3
2011-03-20,2471,1424,652,1424,2471,1,1,1,111,3
2011-03-21,2077,1676,651,1676,2077,1,1,1,111,3
2011-03-22,2703,2243,650,2243,2703,1,1,1,111,3
2011-03-23,2121,1918,649,1918,2121,1,1,1,111,3
2011-03-24,1865,1699,648,1699,1865,1,1,1,111,3
2011-03-25,2210,1910,647,1910,2210,1,1,1,111,3
2011-03-26,2496,1515,646,1515,2496,1,1,1,111,3
2011-03-27,1693,1221,645,1221,1693,1,1,1,111,3
2011-03-28,2028,1806,644,1806,2028,1,1,1,111,3
2011-03-29,2425,2108,643,2108,2425,1,1,1,111,3
2011-03-30,1536,1368,642,1368,1536,1,1,1,111,3
2011-03-31,1685,1506,641,1506,1685,1,1,1,111,3
2011-04-01,2227,1920,640,1920,2227,1,1,1,111,3
2011-04-02,2252,1354,639,1354,2252,1,1,1,111,3
2011-04-03,3249,1598,638,1598,3249,1,1,2,112,4
2011-04-04,3115,2381,637,2381,3115,1,1,1,111,3
2011-04-05,1795,1628,636,1628,1795,1,1,1,111,3
2011-04-06,2808,2395,635,2395,2808,1,1,1,111,3
2011-04-07,3141,2570,634,2570,3141,1,2,1,121,4
2011-04-08,1471,1299,633,1299,1471,1,1,1,111,3
2011-04-09,2455,1576,632,1576,2455,1,1,1,111,3
2011-04-10,2895,1707,631,1707,2895,1,1,1,111,3
2011-04-11,3348,2493,630,2493,3348,1,1,2,112,4
2011-04-12,2034,1777,629,1777,2034,1,1,1,111,3
2011-04-13,2162,1953,628,1953,2162,1,1,1,111,3
2011-04-14,3267,2738,627,2738,3267,1,2,2,122,5
2011-04-15,3126,2484,626,2484,3126,1,1,1,111,3
2011-04-16,795,674,625,674,795,1,1,1,111,3
2011-04-17,3744,2186,624,2186,3744,1,1,2,112,4
2011-04-18,3429,2760,623,2760,3429,1,2,2,122,5
2011-04-19,3204,2795,622,2795,3204,1,2,2,122,5
2011-04-20,3944,3331,621,3331,3944,1,2,2,122,5
2011-04-21,4189,3444,620,3444,4189,1,2,2,122,5
2011-04-22,1683,1506,619,1506,1683,1,1,1,111,3
2011-04-23,4036,2574,618,2574,4036,1,2,2,122,5
2011-04-24,4191,2481,617,2481,4191,1,1,2,112,4
2011-04-25,4073,3300,616,3300,4073,1,2,2,122,5
2011-04-26,4400,3722,615,3722,4400,1,3,2,132,6
2011-04-27,3872,3325,614,3325,3872,1,2,2,122,5
2011-04-28,4058,3489,613,3489,4058,1,2,2,122,5
2011-04-29,4595,3717,612,3717,4595,1,3,3,133,7
2011-04-30,5312,3347,611,3347,5312,1,2,3,123,6
2011-05-01,3351,2213,610,2213,3351,1,1,2,112,4
2011-05-02,4401,3554,609,3554,4401,1,2,2,122,5
2011-05-03,4451,3848,608,3848,4451,1,3,2,132,6
2011-05-04,2633,2378,607,2378,2633,1,1,1,111,3
2011-05-05,4433,3819,606,3819,4433,1,3,2,132,6
2011-05-06,4608,3714,605,3714,4608,1,3,3,133,7
2011-05-07,4714,3102,604,3102,4714,1,2,3,123,6
2011-05-08,4333,2932,603,2932,4333,1,2,2,122,5
2011-05-09,4362,3698,602,3698,4362,1,3,2,132,6
2011-05-10,4803,4109,601,4109,4803,1,3,3,133,7
2011-05-11,4182,3632,600,3632,4182,1,2,2,122,5
2011-05-12,4864,4169,599,4169,4864,1,3,3,133,7
2011-05-13,4105,3413,598,3413,4105,1,2,2,122,5
2011-05-14,3409,2507,597,2507,3409,1,2,2,122,5
2011-05-15,4553,2971,596,2971,4553,1,2,3,123,6
2011-05-16,3958,3185,595,3185,3958,1,2,2,122,5
2011-05-17,4123,3445,594,3445,4123,1,2,2,122,5
2011-05-18,3855,3319,593,3319,3855,1,2,2,122,5
2011-05-19,4575,3840,592,3840,4575,1,3,3,133,7
2011-05-20,4917,4008,591,4008,4917,1,3,3,133,7
2011-05-21,5805,3547,590,3547,5805,1,2,3,123,6
2011-05-22,4660,3084,589,3084,4660,1,2,3,123,6
2011-05-23,4274,3438,588,3438,4274,1,2,2,122,5
2011-05-24,4492,3833,587,3833,4492,1,3,2,132,6
2011-05-25,4978,4238,586,4238,4978,1,3,3,133,7
2011-05-26,4677,3919,585,3919,4677,1,3,3,133,7
2011-05-27,4679,3808,584,3808,4679,1,3,3,133,7
2011-05-28,4758,2757,583,2757,4758,1,2,3,123,6
2011-05-29,4788,2433,582,2433,4788,1,1,3,113,5
2011-05-30,4098,2549,581,2549,4098,1,2,2,122,5
2011-05-31,3982,3309,580,3309,3982,1,2,2,122,5
2011-06-01,3974,3461,579,3461,3974,1,2,2,122,5
2011-06-02,4968,4232,578,4232,4968,1,3,3,133,7
2011-06-03,5312,4414,577,4414,5312,1,3,3,133,7
2011-06-04,5342,3473,576,3473,5342,1,2,3,123,6
2011-06-05,4906,3221,575,3221,4906,1,2,3,123,6
2011-06-06,4548,3875,574,3875,4548,1,3,2,132,6
2011-06-07,4833,4070,573,4070,4833,1,3,3,133,7
2011-06-08,4401,3725,572,3725,4401,1,3,2,132,6
2011-06-09,3915,3352,571,3352,3915,1,2,2,122,5
2011-06-10,4586,3771,570,3771,4586,1,3,3,133,7
2011-06-11,4966,3237,569,3237,4966,1,2,3,123,6
2011-06-12,4460,2993,568,2993,4460,1,2,2,122,5
2011-06-13,5020,4157,567,4157,5020,1,3,3,133,7
2011-06-14,4891,4164,566,4164,4891,1,3,3,133,7
2011-06-15,5180,4411,565,4411,5180,1,3,3,133,7
2011-06-16,3767,3222,564,3222,3767,1,2,2,122,5
2011-06-17,4844,3981,563,3981,4844,1,3,3,133,7
2011-06-18,5119,3312,562,3312,5119,1,2,3,123,6
2011-06-19,4744,3105,561,3105,4744,1,2,3,123,6
2011-06-20,4010,3311,560,3311,4010,1,2,2,122,5
2011-06-21,4835,4061,559,4061,4835,1,3,3,133,7
2011-06-22,4507,3846,558,3846,4507,1,3,2,132,6
2011-06-23,4790,4044,557,4044,4790,1,3,3,133,7
2011-06-24,4991,4022,556,4022,4991,1,3,3,133,7
2011-06-25,5202,3420,555,3420,5202,1,2,3,123,6
2011-06-26,5305,3385,554,3385,5305,1,2,3,123,6
2011-06-27,4708,3854,553,3854,4708,1,3,3,133,7
2011-06-28,4648,3916,552,3916,4648,1,3,3,133,7
2011-06-29,5225,4377,551,4377,5225,1,3,3,133,7
2011-06-30,5515,4488,550,4488,5515,1,3,3,133,7
2011-07-01,5362,4116,549,4116,5362,1,3,3,133,7
2011-07-02,5119,2915,548,2915,5119,1,2,3,123,6
2011-07-03,4649,2367,547,2367,4649,2,1,3,213,6
2011-07-04,6043,2978,546,2978,6043,2,2,4,224,8
2011-07-05,4665,3634,545,3634,4665,2,2,3,223,7
2011-07-06,4629,3845,544,3845,4629,2,3,3,233,8
2011-07-07,4592,3838,543,3838,4592,2,3,3,233,8
2011-07-08,4040,3348,542,3348,4040,2,2,2,222,6
2011-07-09,5336,3348,541,3348,5336,2,2,3,223,7
2011-07-10,4881,3138,540,3138,4881,2,2,3,223,7
2011-07-11,4086,3363,539,3363,4086,2,2,2,222,6
2011-07-12,4258,3596,538,3596,4258,2,2,2,222,6
2011-07-13,4342,3594,537,3594,4342,2,2,2,222,6
2011-07-14,5084,4196,536,4196,5084,2,3,3,233,8
2011-07-15,5538,4220,535,4220,5538,2,3,3,233,8
2011-07-16,5923,3505,534,3505,5923,2,2,3,223,7
2011-07-17,5302,3296,533,3296,5302,2,2,3,223,7
2011-07-18,4458,3617,532,3617,4458,2,2,2,222,6
2011-07-19,4541,3789,531,3789,4541,2,3,2,232,7
2011-07-20,4332,3688,530,3688,4332,2,3,2,232,7
2011-07-21,3784,3152,529,3152,3784,2,2,2,222,6
2011-07-22,3387,2825,528,2825,3387,2,2,2,222,6
2011-07-23,3285,2298,527,2298,3285,2,1,2,212,5
2011-07-24,3606,2556,526,2556,3606,2,2,2,222,6
2011-07-25,3840,3272,525,3272,3840,2,2,2,222,6
2011-07-26,4590,3840,524,3840,4590,2,3,3,233,8
2011-07-27,4656,3901,523,3901,4656,2,3,3,233,8
2011-07-28,4390,3784,522,3784,4390,2,3,2,232,7
2011-07-29,3846,3176,521,3176,3846,2,2,2,222,6
2011-07-30,4475,2916,520,2916,4475,2,2,2,222,6
2011-07-31,4302,2778,519,2778,4302,2,2,2,222,6
2011-08-01,4266,3537,518,3537,4266,2,2,2,222,6
2011-08-02,4845,4044,517,4044,4845,2,3,3,233,8
2011-08-03,3574,3107,516,3107,3574,2,2,2,222,6
2011-08-04,4576,3777,515,3777,4576,2,3,3,233,8
2011-08-05,4866,3843,514,3843,4866,2,3,3,233,8
2011-08-06,4294,2773,513,2773,4294,2,2,2,222,6
2011-08-07,3785,2487,512,2487,3785,2,1,2,212,5
2011-08-08,4326,3480,511,3480,4326,2,2,2,222,6
2011-08-09,4602,3695,510,3695,4602,2,3,3,233,8
2011-08-10,4780,3896,509,3896,4780,2,3,3,233,8
2011-08-11,4792,3980,508,3980,4792,2,3,3,233,8
2011-08-12,4905,3854,507,3854,4905,2,3,3,233,8
2011-08-13,4150,2646,506,2646,4150,2,2,2,222,6
2011-08-14,3820,2482,505,2482,3820,2,1,2,212,5
2011-08-15,4338,3563,504,3563,4338,2,2,2,222,6
2011-08-16,4725,4004,503,4004,4725,2,3,3,233,8
2011-08-17,4694,4026,502,4026,4694,2,3,3,233,8
2011-08-18,3805,3166,501,3166,3805,2,2,2,222,6
2011-08-19,4153,3356,500,3356,4153,2,2,2,222,6
2011-08-20,5191,3277,499,3277,5191,2,2,3,223,7
2011-08-21,3873,2624,498,2624,3873,2,2,2,222,6
2011-08-22,4758,3925,497,3925,4758,2,3,3,233,8
2011-08-23,5895,4614,496,4614,5895,2,3,3,233,8
2011-08-24,5130,4181,495,4181,5130,2,3,3,233,8
2011-08-25,3542,3107,494,3107,3542,2,2,2,222,6
2011-08-26,4661,3893,493,3893,4661,2,3,3,233,8
2011-08-27,1115,889,492,889,1115,2,1,1,211,4
2011-08-28,4334,2919,491,2919,4334,2,2,2,222,6
2011-08-29,4634,3905,490,3905,4634,2,3,3,233,8
2011-08-30,5204,4429,489,4429,5204,2,3,3,233,8
2011-08-31,5058,4370,488,4370,5058,2,3,3,233,8
2011-09-01,5115,4332,487,4332,5115,2,3,3,233,8
2011-09-02,4727,3852,486,3852,4727,2,3,3,233,8
2011-09-03,4484,2549,485,2549,4484,2,2,2,222,6
2011-09-04,4940,2419,484,2419,4940,2,1,3,213,6
2011-09-05,3351,2115,483,2115,3351,2,1,2,212,5
2011-09-06,2710,2506,482,2506,2710,2,2,1,221,5
2011-09-07,1996,1878,481,1878,1996,2,1,1,211,4
2011-09-08,1842,1689,480,1689,1842,2,1,1,211,4
2011-09-09,3544,3127,479,3127,3544,2,2,2,222,6
2011-09-10,5345,3595,478,3595,5345,2,2,3,223,7
2011-09-11,5046,3413,477,3413,5046,2,2,3,223,7
2011-09-12,4713,4023,476,4023,4713,2,3,3,233,8
2011-09-13,4763,4062,475,4062,4763,2,3,3,233,8
2011-09-14,4785,4138,474,4138,4785,2,3,3,233,8
2011-09-15,3659,3231,473,3231,3659,2,2,2,222,6
2011-09-16,4760,4018,472,4018,4760,2,3,3,233,8
2011-09-17,4511,3077,471,3077,4511,2,2,2,222,6
2011-09-18,4274,2921,470,2921,4274,2,2,2,222,6
2011-09-19,4539,3848,469,3848,4539,2,3,2,232,7
2011-09-20,3641,3203,468,3203,3641,2,2,2,222,6
2011-09-21,4352,3813,467,3813,4352,2,3,2,232,7
2011-09-22,4795,4240,466,4240,4795,2,3,3,233,8
2011-09-23,2395,2137,465,2137,2395,2,1,1,211,4
2011-09-24,5423,3647,464,3647,5423,2,2,3,223,7
2011-09-25,5010,3466,463,3466,5010,2,2,3,223,7
2011-09-26,4630,3946,462,3946,4630,2,3,3,233,8
2011-09-27,4120,3643,461,3643,4120,2,2,2,222,6
2011-09-28,3907,3427,460,3427,3907,2,2,2,222,6
2011-09-29,4839,4186,459,4186,4839,2,3,3,233,8
2011-09-30,5202,4372,458,4372,5202,2,3,3,233,8
2011-10-01,2429,1949,457,1949,2429,2,1,1,211,4
2011-10-02,2918,2302,456,2302,2918,2,1,1,211,4
2011-10-03,3570,3240,455,3240,3570,2,2,2,222,6
2011-10-04,4456,3970,454,3970,4456,2,3,2,232,7
2011-10-05,4826,4267,453,4267,4826,2,3,3,233,8
2011-10-06,4765,4126,452,4126,4765,2,3,3,233,8
2011-10-07,4985,4036,451,4036,4985,2,3,3,233,8
2011-10-08,5409,3174,450,3174,5409,2,2,3,223,7
2011-10-09,5511,3114,449,3114,5511,2,2,3,223,7
2011-10-10,5117,3603,448,3603,5117,2,2,3,223,7
2011-10-11,4563,3896,447,3896,4563,2,3,3,233,8
2011-10-12,2416,2199,446,2199,2416,2,1,1,211,4
2011-10-13,2913,2623,445,2623,2913,2,2,1,221,5
2011-10-14,3644,3115,444,3115,3644,2,2,2,222,6
2011-10-15,5217,3318,443,3318,5217,2,2,3,223,7
2011-10-16,5041,3293,442,3293,5041,2,2,3,223,7
2011-10-17,4570,3857,441,3857,4570,2,3,3,233,8
2011-10-18,4748,4111,440,4111,4748,2,3,3,233,8
2011-10-19,2424,2170,439,2170,2424,2,1,1,211,4
2011-10-20,4195,3724,438,3724,4195,2,3,2,232,7
2011-10-21,4304,3628,437,3628,4304,2,2,2,222,6
2011-10-22,4308,2809,436,2809,4308,2,2,2,222,6
2011-10-23,4381,2762,435,2762,4381,2,2,2,222,6
2011-10-24,4187,3488,434,3488,4187,2,2,2,222,6
2011-10-25,4687,3992,433,3992,4687,2,3,3,233,8
2011-10-26,3894,3490,432,3490,3894,2,2,2,222,6
2011-10-27,2659,2419,431,2419,2659,2,1,1,211,4
2011-10-28,3747,3291,430,3291,3747,2,2,2,222,6
2011-10-29,627,570,429,570,627,2,1,1,211,4
2011-10-30,3331,2446,428,2446,3331,2,1,2,212,5
2011-10-31,3669,3307,427,3307,3669,2,2,2,222,6
2011-11-01,4068,3658,426,3658,4068,2,2,2,222,6
2011-11-02,4186,3816,425,3816,4186,2,3,2,232,7
2011-11-03,3974,3656,424,3656,3974,2,2,2,222,6
2011-11-04,4046,3576,423,3576,4046,2,2,2,222,6
2011-11-05,3926,2770,422,2770,3926,2,2,2,222,6
2011-11-06,3649,2697,421,2697,3649,2,2,2,222,6
2011-11-07,4035,3662,420,3662,4035,2,2,2,222,6
2011-11-08,4205,3829,419,3829,4205,2,3,2,232,7
2011-11-09,4109,3804,418,3804,4109,2,3,2,232,7
2011-11-10,2933,2743,417,2743,2933,2,2,1,221,5
2011-11-11,3368,2928,416,2928,3368,2,2,2,222,6
2011-11-12,4067,2792,415,2792,4067,2,2,2,222,6
2011-11-13,3717,2713,414,2713,3717,2,2,2,222,6
2011-11-14,4486,3891,413,3891,4486,2,3,2,232,7
2011-11-15,4195,3746,412,3746,4195,2,3,2,232,7
2011-11-16,1817,1672,411,1672,1817,2,1,1,211,4
2011-11-17,3053,2914,410,2914,3053,2,2,1,221,5
2011-11-18,3392,3147,409,3147,3392,2,2,2,222,6
2011-11-19,3663,2720,408,2720,3663,2,2,2,222,6
2011-11-20,3520,2733,407,2733,3520,2,2,2,222,6
2011-11-21,2765,2545,406,2545,2765,2,2,1,221,5
2011-11-22,1607,1538,405,1538,1607,2,1,1,211,4
2011-11-23,2566,2454,404,2454,2566,2,1,1,211,4
2011-11-24,1495,935,403,935,1495,2,1,1,211,4
2011-11-25,2792,1697,402,1697,2792,2,1,1,211,4
2011-11-26,3068,1819,401,1819,3068,2,1,1,211,4
2011-11-27,3071,2261,400,2261,3071,2,1,1,211,4
2011-11-28,3867,3614,399,3614,3867,2,2,2,222,6
2011-11-29,2914,2818,398,2818,2914,2,2,1,221,5
2011-11-30,3613,3425,397,3425,3613,2,2,2,222,6
2011-12-01,3727,3545,396,3545,3727,2,2,2,222,6
2011-12-02,3940,3672,395,3672,3940,2,3,2,232,7
2011-12-03,3614,2908,394,2908,3614,2,2,2,222,6
2011-12-04,3485,2851,393,2851,3485,2,2,2,222,6
2011-12-05,3811,3578,392,3578,3811,2,2,2,222,6
2011-12-06,2594,2468,391,2468,2594,2,1,1,211,4
2011-12-07,705,655,390,655,705,2,1,1,211,4
2011-12-08,3322,3172,389,3172,3322,2,2,2,222,6
2011-12-09,3620,3359,388,3359,3620,2,2,2,222,6
2011-12-10,3190,2688,387,2688,3190,2,2,2,222,6
2011-12-11,2743,2366,386,2366,2743,2,1,1,211,4
2011-12-12,3310,3167,385,3167,3310,2,2,2,222,6
2011-12-13,3523,3368,384,3368,3523,2,2,2,222,6
2011-12-14,3740,3562,383,3562,3740,2,2,2,222,6
2011-12-15,3709,3528,382,3528,3709,2,2,2,222,6
2011-12-16,3577,3399,381,3399,3577,2,2,2,222,6
2011-12-17,2739,2464,380,2464,2739,2,1,1,211,4
2011-12-18,2431,2211,379,2211,2431,2,1,1,211,4
2011-12-19,3403,3143,378,3143,3403,2,2,2,222,6
2011-12-20,3750,3534,377,3534,3750,2,2,2,222,6
2011-12-21,2660,2553,376,2553,2660,2,2,1,221,5
2011-12-22,3068,2841,375,2841,3068,2,2,1,221,5
2011-12-23,2209,2046,374,2046,2209,2,1,1,211,4
2011-12-24,1011,856,373,856,1011,2,1,1,211,4
2011-12-25,754,451,372,451,754,2,1,1,211,4
2011-12-26,1317,887,371,887,1317,2,1,1,211,4
2011-12-27,1162,1059,370,1059,1162,2,1,1,211,4
2011-12-28,2302,2047,369,2047,2302,2,1,1,211,4
2011-12-29,2423,2169,368,2169,2423,2,1,1,211,4
2011-12-30,2999,2508,367,2508,2999,2,2,1,221,5
2011-12-31,2485,1820,366,1820,2485,2,1,1,211,4
2012-01-01,2294,1608,365,1608,2294,3,1,1,311,5
2012-01-02,1951,1707,364,1707,1951,3,1,1,311,5
2012-01-03,2236,2147,363,2147,2236,3,1,1,311,5
2012-01-04,2368,2273,362,2273,2368,3,1,1,311,5
2012-01-05,3272,3132,361,3132,3272,3,2,2,322,7
2012-01-06,4098,3791,360,3791,4098,3,3,2,332,8
2012-01-07,4521,3451,359,3451,4521,3,2,2,322,7
2012-01-08,3425,2826,358,2826,3425,3,2,2,322,7
2012-01-09,2376,2270,357,2270,2376,3,1,1,311,5
2012-01-10,3598,3425,356,3425,3598,3,2,2,322,7
2012-01-11,2177,2085,355,2085,2177,3,1,1,311,5
2012-01-12,4097,3828,354,3828,4097,3,3,2,332,8
2012-01-13,3214,3040,353,3040,3214,3,2,2,322,7
2012-01-14,2493,2160,352,2160,2493,3,1,1,311,5
2012-01-15,2311,2027,351,2027,2311,3,1,1,311,5
2012-01-16,2298,2081,350,2081,2298,3,1,1,311,5
2012-01-17,2935,2808,349,2808,2935,3,2,1,321,6
2012-01-18,3376,3267,348,3267,3376,3,2,2,322,7
2012-01-19,3292,3162,347,3162,3292,3,2,2,322,7
2012-01-20,3163,3048,346,3048,3163,3,2,2,322,7
2012-01-21,1301,1234,345,1234,1301,3,1,1,311,5
2012-01-22,1977,1781,344,1781,1977,3,1,1,311,5
2012-01-23,2432,2287,343,2287,2432,3,1,1,311,5
2012-01-24,4339,3900,342,3900,4339,3,3,2,332,8
2012-01-25,4270,3803,341,3803,4270,3,3,2,332,8
2012-01-26,4075,3831,340,3831,4075,3,3,2,332,8
2012-01-27,3456,3187,339,3187,3456,3,2,2,322,7
2012-01-28,4023,3248,338,3248,4023,3,2,2,322,7
2012-01-29,3243,2685,337,2685,3243,3,2,2,322,7
2012-01-30,3624,3498,336,3498,3624,3,2,2,322,7
2012-01-31,4509,4185,335,4185,4509,3,3,2,332,8
2012-02-01,4579,4275,334,4275,4579,3,3,3,333,9
2012-02-02,3761,3571,333,3571,3761,3,2,2,322,7
2012-02-03,4151,3841,332,3841,4151,3,3,2,332,8
2012-02-04,2832,2448,331,2448,2832,3,1,1,311,5
2012-02-05,2947,2629,330,2629,2947,3,2,1,321,6
2012-02-06,3784,3578,329,3578,3784,3,2,2,322,7
2012-02-07,4375,4176,328,4176,4375,3,3,2,332,8
2012-02-08,2802,2693,327,2693,2802,3,2,1,321,6
2012-02-09,3830,3667,326,3667,3830,3,3,2,332,8
2012-02-10,3831,3604,325,3604,3831,3,2,2,322,7
2012-02-11,2169,1977,324,1977,2169,3,1,1,311,5
2012-02-12,1529,1456,323,1456,1529,3,1,1,311,5
2012-02-13,3422,3328,322,3328,3422,3,2,2,322,7
2012-02-14,3922,3787,321,3787,3922,3,3,2,332,8
2012-02-15,4169,4028,320,4028,4169,3,3,2,332,8
2012-02-16,3005,2931,319,2931,3005,3,2,1,321,6
2012-02-17,4154,3805,318,3805,4154,3,3,2,332,8
2012-02-18,4318,2883,317,2883,4318,3,2,2,322,7
2012-02-19,2689,2071,316,2071,2689,3,1,1,311,5
2012-02-20,3129,2627,315,2627,3129,3,2,1,321,6
2012-02-21,3777,3614,314,3614,3777,3,2,2,322,7
2012-02-22,4773,4379,313,4379,4773,3,3,3,333,9
2012-02-23,5062,4546,312,4546,5062,3,3,3,333,9
2012-02-24,3487,3241,311,3241,3487,3,2,2,322,7
2012-02-25,2732,2415,310,2415,2732,3,1,1,311,5
2012-02-26,3389,2874,309,2874,3389,3,2,2,322,7
2012-02-27,4322,4069,308,4069,4322,3,3,2,332,8
2012-02-28,4363,4134,307,4134,4363,3,3,2,332,8
2012-02-29,1834,1769,306,1769,1834,3,1,1,311,5
2012-03-01,4990,4665,305,4665,4990,3,3,3,333,9
2012-03-02,3194,2948,304,2948,3194,3,2,2,322,7
2012-03-03,4066,3110,303,3110,4066,3,2,2,322,7
2012-03-04,3423,2713,302,2713,3423,3,2,2,322,7
2012-03-05,3333,3130,301,3130,3333,3,2,2,322,7
2012-03-06,3956,3735,300,3735,3956,3,3,2,332,8
2012-03-07,4916,4484,299,4484,4916,3,3,3,333,9
2012-03-08,5382,4896,298,4896,5382,3,4,3,343,10
2012-03-09,4569,4122,297,4122,4569,3,3,3,333,9
2012-03-10,4118,3150,296,3150,4118,3,2,2,322,7
2012-03-11,4911,3253,295,3253,4911,3,2,3,323,8
2012-03-12,5298,4460,294,4460,5298,3,3,3,333,9
2012-03-13,5847,5085,293,5085,5847,3,4,3,343,10
2012-03-14,6312,5315,292,5315,6312,3,4,4,344,11
2012-03-15,6192,5187,291,5187,6192,3,4,4,344,11
2012-03-16,4378,3830,290,3830,4378,3,3,2,332,8
2012-03-17,7836,4681,289,4681,7836,3,3,4,334,10
2012-03-18,5892,3685,288,3685,5892,3,3,3,333,9
2012-03-19,6153,5171,287,5171,6153,3,4,4,344,11
2012-03-20,6093,5042,286,5042,6093,3,4,4,344,11
2012-03-21,6230,5108,285,5108,6230,3,4,4,344,11
2012-03-22,6871,5537,284,5537,6871,3,4,4,344,11
2012-03-23,8362,5893,283,5893,8362,3,4,4,344,11
2012-03-24,3372,2339,282,2339,3372,3,1,2,312,6
2012-03-25,4996,3464,281,3464,4996,3,2,3,323,8
2012-03-26,5558,4763,280,4763,5558,3,3,3,333,9
2012-03-27,5102,4571,279,4571,5102,3,3,3,333,9
2012-03-28,5698,5024,278,5024,5698,3,4,3,343,10
2012-03-29,6133,5299,277,5299,6133,3,4,4,344,11
2012-03-30,5459,4663,276,4663,5459,3,3,3,333,9
2012-03-31,6235,3934,275,3934,6235,3,3,4,334,10
2012-04-01,6041,3694,274,3694,6041,3,3,4,334,10
2012-04-02,5936,4728,273,4728,5936,3,3,3,333,9
2012-04-03,6772,5424,272,5424,6772,3,4,4,344,11
2012-04-04,6436,5378,271,5378,6436,3,4,4,344,11
2012-04-05,6457,5265,270,5265,6457,3,4,4,344,11
2012-04-06,6460,4653,269,4653,6460,3,3,4,334,10
2012-04-07,6857,3605,268,3605,6857,3,2,4,324,9
2012-04-08,5169,2939,267,2939,5169,3,2,3,323,8
2012-04-09,5585,4680,266,4680,5585,3,3,3,333,9
2012-04-10,5918,5099,265,5099,5918,3,4,3,343,10
2012-04-11,4862,4380,264,4380,4862,3,3,3,333,9
2012-04-12,5409,4746,263,4746,5409,3,3,3,333,9
2012-04-13,6398,5146,262,5146,6398,3,4,4,344,11
2012-04-14,7460,4665,261,4665,7460,3,3,4,334,10
2012-04-15,7132,4286,260,4286,7132,3,3,4,334,10
2012-04-16,6370,5172,259,5172,6370,3,4,4,344,11
2012-04-17,6691,5702,258,5702,6691,3,4,4,344,11
2012-04-18,4367,4020,257,4020,4367,3,3,2,332,8
2012-04-19,6565,5719,256,5719,6565,3,4,4,344,11
2012-04-20,7290,5950,255,5950,7290,3,4,4,344,11
2012-04-21,6624,4083,254,4083,6624,3,3,4,334,10
2012-04-22,1027,907,253,907,1027,3,1,1,311,5
2012-04-23,3214,3019,252,3019,3214,3,2,2,322,7
2012-04-24,5633,5115,251,5115,5633,3,4,3,343,10
2012-04-25,6196,5541,250,5541,6196,3,4,4,344,11
2012-04-26,5026,4551,249,4551,5026,3,3,3,333,9
2012-04-27,6233,5219,248,5219,6233,3,4,4,344,11
2012-04-28,4220,3100,247,3100,4220,3,2,2,322,7
2012-04-29,6304,4075,246,4075,6304,3,3,4,334,10
2012-04-30,5572,4907,245,4907,5572,3,4,3,343,10
2012-05-01,5740,5087,244,5087,5740,3,4,3,343,10
2012-05-02,6169,5502,243,5502,6169,3,4,4,344,11
2012-05-03,6421,5657,242,5657,6421,3,4,4,344,11
2012-05-04,6296,5227,241,5227,6296,3,4,4,344,11
2012-05-05,6883,4387,240,4387,6883,3,3,4,334,10
2012-05-06,6359,4224,239,4224,6359,3,3,4,334,10
2012-05-07,6273,5265,238,5265,6273,3,4,4,344,11
2012-05-08,5728,4990,237,4990,5728,3,4,3,343,10
2012-05-09,4717,4097,236,4097,4717,3,3,3,333,9
2012-05-10,6572,5546,235,5546,6572,3,4,4,344,11
2012-05-11,7030,5711,234,5711,7030,3,4,4,344,11
2012-05-12,7429,4807,233,4807,7429,3,4,4,344,11
2012-05-13,6118,3946,232,3946,6118,3,3,4,334,10
2012-05-14,2843,2501,231,2501,2843,3,2,1,321,6
2012-05-15,5115,4490,230,4490,5115,3,3,3,333,9
2012-05-16,7424,6433,229,6433,7424,3,4,4,344,11
2012-05-17,7384,6142,228,6142,7384,3,4,4,344,11
2012-05-18,7639,6118,227,6118,7639,3,4,4,344,11
2012-05-19,8294,4884,226,4884,8294,3,4,4,344,11
2012-05-20,7129,4425,225,4425,7129,3,3,4,334,10
2012-05-21,4359,3729,224,3729,4359,3,3,2,332,8
2012-05-22,6073,5254,223,5254,6073,3,4,4,344,11
2012-05-23,5260,4494,222,4494,5260,3,3,3,333,9
2012-05-24,6770,5711,221,5711,6770,3,4,4,344,11
2012-05-25,6734,5317,220,5317,6734,3,4,4,344,11
2012-05-26,6536,3681,219,3681,6536,3,3,4,334,10
2012-05-27,6591,3308,218,3308,6591,3,2,4,324,9
2012-05-28,6043,3486,217,3486,6043,3,2,4,324,9
2012-05-29,5743,4863,216,4863,5743,3,4,3,343,10
2012-05-30,6855,6110,215,6110,6855,3,4,4,344,11
2012-05-31,7338,6238,214,6238,7338,3,4,4,344,11
2012-06-01,4127,3594,213,3594,4127,3,2,2,322,7
2012-06-02,8120,5325,212,5325,8120,3,4,4,344,11
2012-06-03,7641,5147,211,5147,7641,3,4,4,344,11
2012-06-04,6998,5927,210,5927,6998,3,4,4,344,11
2012-06-05,7001,6033,209,6033,7001,3,4,4,344,11
2012-06-06,7055,6028,208,6028,7055,3,4,4,344,11
2012-06-07,7494,6456,207,6456,7494,3,4,4,344,11
2012-06-08,7736,6248,206,6248,7736,3,4,4,344,11
2012-06-09,7498,4790,205,4790,7498,3,4,4,344,11
2012-06-10,6598,4374,204,4374,6598,3,3,4,334,10
2012-06-11,6664,5647,203,5647,6664,3,4,4,344,11
2012-06-12,4972,4495,202,4495,4972,3,3,3,333,9
2012-06-13,7421,6248,201,6248,7421,3,4,4,344,11
2012-06-14,7363,6183,200,6183,7363,3,4,4,344,11
2012-06-15,7665,6102,199,6102,7665,3,4,4,344,11
2012-06-16,7702,4739,198,4739,7702,3,3,4,334,10
2012-06-17,6978,4344,197,4344,6978,3,3,4,334,10
2012-06-18,5099,4446,196,4446,5099,3,3,3,333,9
2012-06-19,6825,5857,195,5857,6825,3,4,4,344,11
2012-06-20,6211,5339,194,5339,6211,3,4,4,344,11
2012-06-21,5905,5127,193,5127,5905,3,4,3,343,10
2012-06-22,5823,4859,192,4859,5823,3,4,3,343,10
2012-06-23,7458,4801,191,4801,7458,3,4,4,344,11
2012-06-24,6891,4340,190,4340,6891,3,3,4,334,10
2012-06-25,6779,5640,189,5640,6779,3,4,4,344,11
2012-06-26,7442,6365,188,6365,7442,3,4,4,344,11
2012-06-27,7335,6258,187,6258,7335,3,4,4,344,11
2012-06-28,6879,5958,186,5958,6879,3,4,4,344,11
2012-06-29,5463,4634,185,4634,5463,3,3,3,333,9
2012-06-30,5687,4232,184,4232,5687,3,3,3,333,9
2012-07-01,5531,4110,183,4110,5531,3,3,3,333,9
2012-07-02,6227,5323,182,5323,6227,4,4,4,444,12
2012-07-03,6660,5608,181,5608,6660,4,4,4,444,12
2012-07-04,7403,4841,180,4841,7403,4,4,4,444,12
2012-07-05,6241,4836,179,4836,6241,4,4,4,444,12
2012-07-06,6207,4841,178,4841,6207,4,4,4,444,12
2012-07-07,4840,3392,177,3392,4840,4,2,3,423,9
2012-07-08,4672,3469,176,3469,4672,4,2,3,423,9
2012-07-09,6569,5571,175,5571,6569,4,4,4,444,12
2012-07-10,6290,5336,174,5336,6290,4,4,4,444,12
2012-07-11,7264,6289,173,6289,7264,4,4,4,444,12
2012-07-12,7446,6414,172,6414,7446,4,4,4,444,12
2012-07-13,7499,5988,171,5988,7499,4,4,4,444,12
2012-07-14,6969,4614,170,4614,6969,4,3,4,434,11
2012-07-15,6031,4111,169,4111,6031,4,3,4,434,11
2012-07-16,6830,5742,168,5742,6830,4,4,4,444,12
2012-07-17,6786,5865,167,5865,6786,4,4,4,444,12
2012-07-18,5713,4914,166,4914,5713,4,4,3,443,11
2012-07-19,6591,5703,165,5703,6591,4,4,4,444,12
2012-07-20,5870,5123,164,5123,5870,4,4,3,443,11
2012-07-21,4459,3195,163,3195,4459,4,2,2,422,8
2012-07-22,7410,4866,162,4866,7410,4,4,4,444,12
2012-07-23,6966,5831,161,5831,6966,4,4,4,444,12
2012-07-24,7592,6452,160,6452,7592,4,4,4,444,12
2012-07-25,8173,6790,159,6790,8173,4,4,4,444,12
2012-07-26,6861,5825,158,5825,6861,4,4,4,444,12
2012-07-27,6904,5645,157,5645,6904,4,4,4,444,12
2012-07-28,6685,4451,156,4451,6685,4,3,4,434,11
2012-07-29,6597,4444,155,4444,6597,4,3,4,434,11
2012-07-30,7105,6065,154,6065,7105,4,4,4,444,12
2012-07-31,7216,6248,153,6248,7216,4,4,4,444,12
2012-08-01,7580,6506,152,6506,7580,4,4,4,444,12
2012-08-02,7261,6278,151,6278,7261,4,4,4,444,12
2012-08-03,7175,5847,150,5847,7175,4,4,4,444,12
2012-08-04,6824,4479,149,4479,6824,4,3,4,434,11
2012-08-05,5464,3757,148,3757,5464,4,3,3,433,10
2012-08-06,7013,5780,147,5780,7013,4,4,4,444,12
2012-08-07,7273,5995,146,5995,7273,4,4,4,444,12
2012-08-08,7534,6271,145,6271,7534,4,4,4,444,12
2012-08-09,7286,6090,144,6090,7286,4,4,4,444,12
2012-08-10,5786,4721,143,4721,5786,4,3,3,433,10
2012-08-11,6299,4052,142,4052,6299,4,3,4,434,11
2012-08-12,6544,4362,141,4362,6544,4,3,4,434,11
2012-08-13,6883,5676,140,5676,6883,4,4,4,444,12
2012-08-14,6784,5656,139,5656,6784,4,4,4,444,12
2012-08-15,7347,6149,138,6149,7347,4,4,4,444,12
2012-08-16,7605,6267,137,6267,7605,4,4,4,444,12
2012-08-17,7148,5665,136,5665,7148,4,4,4,444,12
2012-08-18,7865,5038,135,5038,7865,4,4,4,444,12
2012-08-19,4549,3341,134,3341,4549,4,2,3,423,9
2012-08-20,6530,5504,133,5504,6530,4,4,4,444,12
2012-08-21,7006,5925,132,5925,7006,4,4,4,444,12
2012-08-22,7375,6281,131,6281,7375,4,4,4,444,12
2012-08-23,7765,6402,130,6402,7765,4,4,4,444,12
2012-08-24,7582,6257,129,6257,7582,4,4,4,444,12
2012-08-25,6053,4224,128,4224,6053,4,3,4,434,11
2012-08-26,5255,3772,127,3772,5255,4,3,3,433,10
2012-08-27,6917,5928,126,5928,6917,4,4,4,444,12
2012-08-28,7040,6105,125,6105,7040,4,4,4,444,12
2012-08-29,7697,6520,124,6520,7697,4,4,4,444,12
2012-08-30,7713,6541,123,6541,7713,4,4,4,444,12
2012-08-31,7350,5917,122,5917,7350,4,4,4,444,12
2012-09-01,6140,3788,121,3788,6140,4,3,4,434,11
2012-09-02,5810,3197,120,3197,5810,4,2,3,423,9
2012-09-03,6034,4069,119,4069,6034,4,3,4,434,11
2012-09-04,6864,5997,118,5997,6864,4,4,4,444,12
2012-09-05,7112,6280,117,6280,7112,4,4,4,444,12
2012-09-06,6203,5592,116,5592,6203,4,4,4,444,12
2012-09-07,7504,6459,115,6459,7504,4,4,4,444,12
2012-09-08,5976,4419,114,4419,5976,4,3,4,434,11
2012-09-09,8227,5657,113,5657,8227,4,4,4,444,12
2012-09-10,7525,6407,112,6407,7525,4,4,4,444,12
2012-09-11,7767,6697,111,6697,7767,4,4,4,444,12
2012-09-12,7870,6820,110,6820,7870,4,4,4,444,12
2012-09-13,7804,6750,109,6750,7804,4,4,4,444,12
2012-09-14,8009,6630,108,6630,8009,4,4,4,444,12
2012-09-15,8714,5554,107,5554,8714,4,4,4,444,12
2012-09-16,7333,5167,106,5167,7333,4,4,4,444,12
2012-09-17,6869,5847,105,5847,6869,4,4,4,444,12
2012-09-18,4073,3702,104,3702,4073,4,3,2,432,9
2012-09-19,7591,6803,103,6803,7591,4,4,4,444,12
2012-09-20,7720,6781,102,6781,7720,4,4,4,444,12
2012-09-21,8167,6917,101,6917,8167,4,4,4,444,12
2012-09-22,8395,5883,100,5883,8395,4,4,4,444,12
2012-09-23,7907,5453,99,5453,7907,4,4,4,444,12
2012-09-24,7436,6435,98,6435,7436,4,4,4,444,12
2012-09-25,7538,6693,97,6693,7538,4,4,4,444,12
2012-09-26,7733,6946,96,6946,7733,4,4,4,444,12
2012-09-27,7393,6642,95,6642,7393,4,4,4,444,12
2012-09-28,7415,6370,94,6370,7415,4,4,4,444,12
2012-09-29,8555,5966,93,5966,8555,4,4,4,444,12
2012-09-30,6889,4874,92,4874,6889,4,4,4,444,12
2012-10-01,6778,6015,91,6015,6778,4,4,4,444,12
2012-10-02,4639,4324,90,4324,4639,4,3,3,433,10
2012-10-03,7572,6844,89,6844,7572,4,4,4,444,12
2012-10-04,7328,6437,88,6437,7328,4,4,4,444,12
2012-10-05,8156,6640,87,6640,8156,4,4,4,444,12
2012-10-06,7965,4934,86,4934,7965,4,4,4,444,12
2012-10-07,3510,2729,85,2729,3510,4,2,2,422,8
2012-10-08,5478,4604,84,4604,5478,4,3,3,433,10
2012-10-09,6392,5791,83,5791,6392,4,4,4,444,12
2012-10-10,7691,6911,82,6911,7691,4,4,4,444,12
2012-10-11,7570,6736,81,6736,7570,4,4,4,444,12
2012-10-12,7282,6222,80,6222,7282,4,4,4,444,12
2012-10-13,7109,4857,79,4857,7109,4,4,4,444,12
2012-10-14,6639,4559,78,4559,6639,4,3,4,434,11
2012-10-15,5875,5115,77,5115,5875,4,4,3,443,11
2012-10-16,7534,6612,76,6612,7534,4,4,4,444,12
2012-10-17,7461,6482,75,6482,7461,4,4,4,444,12
2012-10-18,7509,6501,74,6501,7509,4,4,4,444,12
2012-10-19,5424,4671,73,4671,5424,4,3,3,433,10
2012-10-20,8090,5284,72,5284,8090,4,4,4,444,12
2012-10-21,6824,4692,71,4692,6824,4,3,4,434,11
2012-10-22,7058,6228,70,6228,7058,4,4,4,444,12
2012-10-23,7466,6625,69,6625,7466,4,4,4,444,12
2012-10-24,7693,6898,68,6898,7693,4,4,4,444,12
2012-10-25,7359,6484,67,6484,7359,4,4,4,444,12
2012-10-26,7444,6262,66,6262,7444,4,4,4,444,12
2012-10-27,7852,5209,65,5209,7852,4,4,4,444,12
2012-10-28,4459,3461,64,3461,4459,4,2,2,422,8
2012-10-29,22,20,63,20,22,4,1,1,411,6
2012-10-30,1096,1009,62,1009,1096,4,1,1,411,6
2012-10-31,5566,5147,61,5147,5566,4,4,3,443,11
2012-11-01,5986,5520,60,5520,5986,4,4,4,444,12
2012-11-02,5847,5229,59,5229,5847,4,4,3,443,11
2012-11-03,5138,4109,58,4109,5138,4,3,3,433,10
2012-11-04,5107,3906,57,3906,5107,4,3,3,433,10
2012-11-05,5259,4881,56,4881,5259,4,4,3,443,11
2012-11-06,5686,5220,55,5220,5686,4,4,3,443,11
2012-11-07,5035,4709,54,4709,5035,4,3,3,433,10
2012-11-08,5315,4975,53,4975,5315,4,4,3,443,11
2012-11-09,5992,5283,52,5283,5992,4,4,4,444,12
2012-11-10,6536,4446,51,4446,6536,4,3,4,434,11
2012-11-11,6852,4562,50,4562,6852,4,3,4,434,11
2012-11-12,6269,5172,49,5172,6269,4,4,4,444,12
2012-11-13,4094,3767,48,3767,4094,4,3,2,432,9
2012-11-14,5495,5122,47,5122,5495,4,4,3,443,11
2012-11-15,5445,5125,46,5125,5445,4,4,3,443,11
2012-11-16,5698,5214,45,5214,5698,4,4,3,443,11
2012-11-17,5629,4316,44,4316,5629,4,3,3,433,10
2012-11-18,4669,3747,43,3747,4669,4,3,3,433,10
2012-11-19,5499,5050,42,5050,5499,4,4,3,443,11
2012-11-20,5634,5100,41,5100,5634,4,4,3,443,11
2012-11-21,5146,4531,40,4531,5146,4,3,3,433,10
2012-11-22,2425,1470,39,1470,2425,4,1,1,411,6
2012-11-23,3910,2307,38,2307,3910,4,1,2,412,7
2012-11-24,2277,1745,37,1745,2277,4,1,1,411,6
2012-11-25,2424,2115,36,2115,2424,4,1,1,411,6
2012-11-26,5087,4750,35,4750,5087,4,3,3,433,10
2012-11-27,3959,3836,34,3836,3959,4,3,2,432,9
2012-11-28,5260,5062,33,5062,5260,4,4,3,443,11
2012-11-29,5323,5080,32,5080,5323,4,4,3,443,11
2012-11-30,5668,5306,31,5306,5668,4,4,3,443,11
2012-12-01,5191,4240,30,4240,5191,4,3,3,433,10
2012-12-02,4649,3757,29,3757,4649,4,3,3,433,10
2012-12-03,6234,5679,28,5679,6234,4,4,4,444,12
2012-12-04,6606,6055,27,6055,6606,4,4,4,444,12
2012-12-05,5729,5398,26,5398,5729,4,4,3,443,11
2012-12-06,5375,5035,25,5035,5375,4,4,3,443,11
2012-12-07,5008,4659,24,4659,5008,4,3,3,433,10
2012-12-08,5582,4429,23,4429,5582,4,3,3,433,10
2012-12-09,3228,2787,22,2787,3228,4,2,2,422,8
2012-12-10,5170,4841,21,4841,5170,4,4,3,443,11
2012-12-11,5501,5219,20,5219,5501,4,4,3,443,11
2012-12-12,5319,5009,19,5009,5319,4,4,3,443,11
2012-12-13,5532,5107,18,5107,5532,4,4,3,443,11
2012-12-14,5611,5182,17,5182,5611,4,4,3,443,11
2012-12-15,5047,4280,16,4280,5047,4,3,3,433,10
2012-12-16,3786,3248,15,3248,3786,4,2,2,422,8
2012-12-17,4585,4373,14,4373,4585,4,3,3,433,10
2012-12-18,5557,5124,13,5124,5557,4,4,3,443,11
2012-12-19,5267,4934,12,4934,5267,4,4,3,443,11
2012-12-20,4128,3814,11,3814,4128,4,3,2,432,9
2012-12-21,3623,3402,10,3402,3623,4,2,2,422,8
2012-12-22,1749,1544,9,1544,1749,4,1,1,411,6
2012-12-23,1787,1379,8,1379,1787,4,1,1,411,6
2012-12-24,920,746,7,746,920,4,1,1,411,6
2012-12-25,1013,573,6,573,1013,4,1,1,411,6
2012-12-26,441,432,5,432,441,4,1,1,411,6
2012-12-27,2114,1867,4,1867,2114,4,1,1,411,6
2012-12-28,3095,2451,3,2451,3095,4,1,1,411,6
2012-12-29,1341,1182,2,1182,1341,4,1,1,411,6
2012-12-30,1796,1432,1,1432,1796,4,1,1,411,6
2012-12-31,2729,2290,0,2290,2729,4,1,1,411,6
